Entry Date,SKU,ISBN,Book Title,Author,Vendor,Language,Quality,Genre,Description,Pages,Quantity,Cost,Price
2020-09-09,BESHC901119,9788184000641,The Painter,Deepanjana Pal,SCHS,English,Like New,Autobiography - Biography,"On April 29, 1848, in a small estate in Travancore, was born a boy destined to becomemore famous than the ruler of his kingdom. His uncle, noticing his precocious talent at art, took theteenager to the royal court at the invitation of the king to learn painting there. Ravi Varma s debut wasto come seven years later when a Danish painter arrived in court to paint the Maharaja and his wife.The twenty-year-old boldly upstaged the experienced artist, presenting the king with a more flatteringpainting of the royal couple at the same time as the official portrait was unveiled. Jensen, the painter, never forgave Ravi Varma, but for the young man there was no looking back.His reputation grew with each painting. For the first time, an Indian artist was using the realism andsensuality of the European oil painters and applying them to not just ordinary Indians, but to thedeities as well. The artist-prince became India s first celebrity painter. The lines to see his exhibitionof mythological paintings in Bombay in 1890-the first public showing by any Indian artist-wereendless; the prices he commanded were astronomical; then, when he started his own printing press,producing oleographs of his work, Raja Ravi Varma became a household name. Soon, every homehad a Ravi Varma print. For the first time, comes a beautifully told, gripping account of Ravi Varma: the man who was thedarling of the royal courts, but who hardly gave his own wife and children any time; the noblemanwho took the revolutionary step of being an artist, yet who insisted on using the false title of raja;and the idealistic entrepreneur who bankrupted himself running a printing press, yet whose dreamof bringing art to the masses became a reality. Blending fact with imagination, writing with wit andlyricism, Deepanjana Pal takes you into the life of an extraordinary man and brings him vividlyalive.",284,0,15,20
2021-09-30,BESHC902771,9780263847048,Her Celebrity Surgeon,Kate Hardy; ,SCHS,English,Good,Romance,"Fiery registrar Sophie Harrison has never been more furious. She is convinced the new director of surgery has only been appointed for his title. Baron Rupert Charles Radley is a man never out of the gossip rags, with a different woman in tow each week. Plus, experience tells her not to trust men of his class.",185,0,5,13
2020-11-26,BESHC901694,9780755342754,"Deception (Alex Delaware Series, Book 25): A masterfully suspenseful psychological thriller","Kellerman, Jonathan",SCHS,English,Like New,"Novel, Crime, Thriller","Her name is Elise Freeman, and her chilling cry for help - to whoever may be listening - comes too late to save her. On a DVD found near her lifeless body, the emotionally and physically battered woman chronicles a year-and-a-half-long ordeal of monstrous abuse at the hands of three sadistic tormentors. But even more shocking than the lurid details is the revelation that the offenders, like their victim, are teachers at one of LA's most prestigious prep schools. With Elise dead, homicide detective Milo Sturgis is assigned to probe the hallowed halls of Windsor Prep Academy. And if ever he could use Dr Alex Delaware's psychological prowess, it's now.

From the start, this case promises to be an uphill climb for truth and a down-and-dirty fight for justice. Searching for predators among the privileged, Alex and Milo may well be walking into a highly polished death trap.",384,0,10,15
2020-06-07,BESHC900060,9780007782222,The Sky is Falling,Sidney Sheldon,SCHS,English,Like New,"Novel, Crime","The Sky Is Falling is a 2001 crime novel by Sidney Sheldon. It is his third last book before his death in 2007. The book focuses on Dana Evans, a TV anchorwoman trying to find the killer who murdered the Winthrop family",394,0,10,15
2020-06-08,BESHC900116,9780757303142,Chicken Soup for the Soul the Book of Christmas Virtues,Jack Canfield,SCHS,English,Like New,Short story,"Presents stories and activities that focus on the true meaning of Christmas and encourage reflection on the symbolic virtues of the season, including joy, love, gratitude, faith, kindness, simplicity, and wonder.",190,0,15,20
2022-04-14,BESHC903143,9780765364876,Towers of Midnight,Robert Jordan,SCHS,English,Like New,"Fantasy, Novel","
In Towers of Midnight, the Last Battle has started. The seals on the Dark One's prison are crumbling. The Pattern itself is unraveling, and the armies of the Shadow have begun to boil out of the Blight.

The sun has begun to set upon the Third Age.

Perrin Aybara is now hunted by specters from his past: Whitecloaks, a slayer of wolves, and the responsibilities of leadership. All the while, an unseen foe is slowly pulling a noose tight around his neck. To prevail, he must seek answers in Tel'aran'rhiod and find a way--at long last--to master the wolf within him or lose himself to it forever.

Meanwhile, Matrim Cauthon prepares for the most difficult challenge of his life. The creatures beyond the stone gateways--the Aelfinn and the Eelfinn--have confused him, taunted him, and left him hanged, his memory stuffed with bits and pieces of other men's lives. He had hoped that his last confrontation with them would be the end of it, but the Wheel weaves as the Wheel wills. The time is coming when he will again have to dance with the Snakes and the Foxes, playing a game that cannot be won. The Tower of Ghenjei awaits, and its secrets will reveal the fate of a friend long lost.",1245,0,10,18
2020-07-19,BESHC900635,9780099777205,Eastern Vegetarian Cooking,Madhur Jaffrey,SCHS,English,Like New,Cookbook,"The countries of the East offer a dazzling range of vegetarian dishes in a variety of styles. For this definitive book, Madhur Jaffrey, has gathered together the cream of vegetarian recipes from Turkey, Japan, China, India, Korea and the Philippines, among others. With suggestions for menus and a valuable section of general information, this classic of vegetarian cooking in the Far East, is a book no discerning eater (vegetarian or otherwise) should be without.",544,0,15,20
2020-08-21,BESHC901036,9780552153461,Blueeyedboy,Joanne Harris,SCHS,English,Like New,Novel,"A dark and intricately plotted tale of a poisonously dysfunctional family, a blind child prodigy, and a serial murderer who is not who he seems. Told through posts on a webjournal called badguysrock, this is a thriller that makes creative use of all the multiple personalities, disguise and mind games that are offered by playing out a life on the internet.",528,0,10,15
2020-06-10,BESHC900265,9781847383891,The Joy of Spooking : Fiendish Deeds,P. J. Bracegirdle,SCHS,English,Like New,Children books Age 9-12,"Eleven-year-old Joy Wells is a literary horror fan and proud resident of Spooking, the run-down, eerie town at the top of the hill. At the bottom of the hill is Darlington, a plastic suburban 'paradise' where Joy and her brother go to school. When the mayor of Darlington announces that a water park is soon to be constructed over the Spooking Bog, Joy knows she must act quickly if she's going to save her ancient, beloved town from becoming just as cute and icky as Darlington. But the Spooking Bog holds many mysteries...Could the legend of the Bog Fiend be true? Who is the bizarre woman that lives there in the house on stilts? And what will become of it all when the bulldozers come rolling up the hill from Darlington? Joy is on a mission to find out, but someone wants to stop her, and they'll do whatever it takes...",192,0,15,20
2020-09-23,BESHC901350,9780340994290,The Man who Disappeared,Clare Morrall,SCHS,English,Like New,Novel,"The new novel from the Booker-shortlisted author of ASTONISHING SPLASHES OF COLOUR, an absorbing and thought-provoking tale about the impact on a happy family when the husband mysteriously vanishes.",376,0,20,25
2020-11-29,BESHC901761,9780753722442,Bring Out the Genius in Your Child,Ken Adams,SCHS,English,Like New,Guide,"Give children the best possible start with techniques to aid their ability to speak, count, write, solve problems, and progress well at school. Let educational expert Ken Adams teach you how to support your child's learning with practical exercises, fun activities and ideas for interactive play.",144,0,10,15
2021-02-25,BESHC902141,9780099474388,The Nonesuch,"Heyer, Georgette",SCHS,English,Like New,Romance,"Sir Waldo Hawkridge -- wealthy, handsome, eligible, illustrious, and known as 'The Nonesuch' for his athletic prowess -- believes he is past the age of falling in love. But when he comes North to inspect his unusual inheritance at Broom Hall in the West Riding, his arrival leads to the most entertaining of ramifications ...

Georgette Heyer won the hearts of a huge worldwide readership with her peerless novels of historical romance - a readership which continues to this day - and in The Nonesuch, all her storytelling skills are in eveidence.",320,0,15,20
2021-10-05,BESHC902808,9780141011233,A History of the Middle East,Peter Mansfield,SCHS,English,Acceptable,"History, Politics","A brilliant overview of the history and politics of the Middle East over the last two centuries, from Napoleon's assault on Egypt, through the slow decline and fall of the Ottoman Empire, to the painful emergence of modern nations, the Palestinian question and the growth of Islamic fundamentalism.
With two new chapters on recent developments in the Middle East.
This book will be essential reading for anyone wanting to understand what is perhaps the most crucial and volatile nerve centre of the world.",430,0,5,13
2022-04-14,BESHC903136,9780141186214,Under the Banyan Tree and Other Stories,R. K. Narayan; ,SCHS,English,Like New,"Classics, Novel","A collection of stories about characters from every walk of Indian life - merchants, beggars, herdsmen, rogues - all of whose lives are microcosms of the human experience.",193,0,20,28
2025-09-02,BESHC903749,9781409159384,Even Dogs in the Wild,Ian Rankin; ,SCHS,English,Good,"Crime, Mystery - Suspense, Novel, Thriller","Someone knows where the bodies are buried... 'Taut, dark and expertly crafted tale' [GUARDIAN] from the No.1 bestselling author of A SONG FOR THE DARK TIMES 'No one in Britain writes better crime novels today' Evening Standard Retirement doesn't suit John Rebus. He wasn't made for hobbies, holidays or home improvements. Being a cop is in his blood. So when DI Siobhan Clarke asks for his help on a case, Rebus doesn't need long to consider his options. Clarke's been investigating the death of a senior lawyer whose body was found along with a threatening note. On the other side of Edinburgh, Big Ger Cafferty - Rebus's long-time nemesis - has received an identical note and a bullet through his window. Now it's up to Clarke and Rebus to connect the dots and stop a killer. Even Dogs in the Wild brings back Ian Rankin's greatest characters in a story exploring the darkest corners of our instincts and desires.",416,1,10,18
2020-07-16,BESHC900590,9781409117186,Famous Last Words,Annie Sanders,SCHS,English,Like New,"Romance, Young Adult, Novel","A funny, insightful read - with a brilliant twist' HEAT

'One of our picks of the year... poignant, funny and well-observed' BELLALucy has always been a bit of a control freak - a single mother, with her own business, she has never been one for taking risks, she's never been brave enough.

Then, one evening, a fortune teller looks into her future - and learns that she doesn't have one. Sceptical, Lucy decides to ignore the warning until other prophecies he made begin to come true...

Lucy decides to throw caution to the wind and so begins a race against the clock to live a life of fulfilment all in a matter of days. During this adventure, she faces her demons, confronts people from her past and risks the thing that she has guarded most fiercely - her heart. But, after all this, will she actually live to regret it?

From the authors of bestseller Goodbye, Jimmy Choo, this is the touching and bittersweet story of one woman's struggle to let go of her worst fears and, in doing, realise her dream life.",356,0,15,20
2021-06-24,BESHC902528,9780091933067,Delia's Happy Christmas,Delia Smith; ,SCHS,English,Like New,Cookbook,"This cookbook will help you plan your Christmas festivities to the very last culinary detail, acting as an invaluable Christmas organiser from reminding you to make your Christmas pudding and chutneys in November to giving you a crucial countdown for the last 36 hours.",311,0,20,25
2025-08-29,BESHC903696,9780062472601,The First Phone Call from Heaven,Mitch Albom; ,SCHS,English,Good,"Novel, Religion","One morning in the small town of Coldwater, Michigan, the phones start ringing. The voices say they are calling from heaven. Is it the greatest miracle ever? Or some cruel hoax? As news of these strange calls spreads, outsiders flock to Coldwater to be a part of it.

At the same time, a disgraced pilot named Sully Harding returns to Coldwater from prison to discover his hometown gripped by ""miracle fever."" Even his young son carries a toy phone, hoping to hear from his mother in heaven.

As the calls increase, and proof of an afterlife begins to surface, the town--and the world--transforms. Only Sully, convinced there is nothing beyond this sad life, digs into the phenomenon, determined to disprove it for his child and his own broken heart.

Moving seamlessly between the invention of the telephone in 1876 and a world obsessed with the next level of communication, Mitch Albom takes readers on a breathtaking ride of frenzied hope.",384,0,10,19
2025-01-22,BESHC903630,9781473211575,The Tower of the Swallow,Andrzej Sapkowski; ,SCHS,English,Good,"Fantasy, Novel","NOTE: CREASE ON SPINE DUE TO AGE. INSIDE CONDITION IS GOOD./The world has fallen into war. Ciri, the child of prophecy, has vanished. Hunted by friends and foes alike, she has taken on the guise of a petty bandit and lives free for the first time in her life. But the net around her is closing. Geralt, the Witcher, has assembled a group of allies determined to rescue her. Both sides of the war have sent brutal mercenaries to hunt her down. Her crimes have made her famous. There is only one place left to run. The tower of the swallow is waiting...",464,0,10,20
2021-01-17,BESHC902104,9780330508575,"Life, the Universe and Everything","Adams, Douglas",SCHS,English,Like New,"Novel, Science fiction","In Life, the Universe and Everything, the third title in Douglas Adams' blockbusting sci-fi comedy series, Arthur Dent finds himself enlisted to prevent a galactic war.

In consequence of a number of stunning catastrophes, Arthur Dent is surprised to find himself living in a hideously miserable cave on prehistoric Earth. However, just as he thinks that things cannot get possibly worse, they suddenly do. He discovers that the Galaxy is not only mind-boggingly big and bewildering but also that most of the things that happen in it are staggeringly unfair.",200,0,10,15
2020-07-27,BESHC900812,9781409312987,"Read It Yourself with Ladybird, Level 1",Ladybird Books Staff,SCHS,English,Like New,"Children books Age 3-5, Activity Book","This Read it yourself Level 1 activity book is based on Ladybird's best-selling Read it yourself series, a set of traditional tales written in a simple way to build confidence in reading. The activity book contains key words and phrases taken from the Level 1 Read it yourself books and a variety of fun activities to help practise reading, writing and English comprehension. Level 1 is suitable for beginners who have had some initial reading instruction and are ready to take their first steps in reading sentences.",24,0,5,10
2022-04-12,BESHC903134,9780452274891,American Gothic Tales,Various; ,SCHS,English,Good,"Horror, Novel, Romance","This remarkable anthology of gothic fiction, spanning two centuries of American writing, gives us an intriguing and entertaining look at how the gothic imagination makes for great literature in the works of forty-six exceptional writers. Joyce Carol Oates has a special perspective on the “gothic” in American short fiction, at least partially because her own horror yarns rank on the spine-tingling chart with the masters. She is able to see the unbroken link of the macabre that ties Edgar Allan Poe to Anne Rice and to recognize the dark psychological bonds between Henry James and Stephen King. In showing us the gothic vision—a world askew where mankind’s forbidden impulses are set free from the repressions of the psyche, and nature turns malevolent and lawless—Joyce Carol Oates includes Henry James’s “The Romance of Certain Old Clothes,” Herman Melville’s horrific tale of factory women, “The Tartarus of Maids,” and Edith Wharton’s “Afterward,” which are rarely collected and appear together here for the first time. Added to these stories of the past are new ones that explore the wounded worlds of Stephen King, Anne Rice, Peter Straub, Raymond Carver, and more than twenty other wonderful contemporary writers. This impressive collection reveals the astonishing scope of the gothic writer’s subject matter, style, and incomparable genius for manipulating our emotions and penetrating our dreams. With Joyce Carol Oates’s superb introduction, American Gothic Tales is destined to become the standard one-volume edition of the genre that American writers, if they didn’t create it outright, have brought to its chilling zenith.",560,0,15,23
2025-01-04,BESHC903579,9780525539391,The Good Sister,Gillian McAllister; ,SCHS,English,Good,"Crime, Mystery - Suspense, Thriller","An electrifying novel about the unyielding bond between two sisters, which is severely tested when one of them is accused of the worst imaginable crime.

Martha and Becky Blackwater are more than sisters--they're each other's lifelines. When Martha finds herself struggling to balance early motherhood and her growing business, Becky steps in to babysit her niece, Layla, without a second thought, bringing the two women closer than ever. But when Layla is found dead one morning, at only eight weeks old, Becky is charged with the unthinkable: the murder of her sister's child.

Nine months later, Becky is on trial and maintains her innocence--and so does Martha. Unable to shake the feeling that her sister couldn't possibly be guilty, Martha sets out to uncover exactly what happened that night, and how things could have gone so wrong. As the trial progresses, fault lines between the sisters begin to show--revealing cracks deep in their relationship and threatening the family each has worked so hard to build. With incredible empathy and resounding emotional heft, The Good Sister is a powerhouse of a novel that will lead readers to question everything they know about motherhood, family, and the price of forgiveness.",416,0,15,23
2021-09-16,BESHC902704,9780140620207,Tess Of The D'urbervilles,Thomas Hardy,SCHS,English,Good,"Classics, Novel","When Tess D'urbeyfield is driven by family poverty to claim kinship with the wealthy D'Urbervilles and seek a portion of their family fortune, meeting her 'cousin' Alec proves to be her downfall. A very different man, Angel Clare, seems to offer her love and salvation, but Tess must choose whether to reveal her past or remain silent in the hope of a peaceful future. With its sensitive depiction of the wronged Tess and powerful criticism of social convention, ""Tess of the D'Urbervilles"" is one of the most moving and poetic of Hardy's novels.",508,0,15,23
2025-01-04,BESHC903548,9780814434192,Management,Brian Tracy; ,SCHS,English,Like New,"Finance - Business - Economics, Self help","The strength of any organization is determined by the quality of its managers. What they do and how they do it is the key determinant of corporate success. Want to become invaluable to your company? Boost your managerial skills. The good news is that great managers are made...not born. When you discover what the most successful managers know, you will unlock the secrets to turning even ordinary employees into extraordinary performers. Now with this handy little book, success expert Brian Tracy reveals how anyone can easily: Set performance standards Delegate productively Define key result areas Concentrate attention and resources on high-payoff activities and eliminate distractions Hire and fire effectively Build a staff of peak performers Hold meetings that work Foster team spirit Communicate with clarity Negotiate successfully Remove obstacles to performance Set the right example Make good decisions quickly And more Filled with practical, proven techniques and tools, this essential guide shows you how to bring out the best in your people--and hit new heights in your own career.",104,0,10,20
2021-01-17,BESHC902109,9781856697675,New Shoes,Sue Huey,SCHS,English,Like New,Guide,"Showcasing some of the most exciting and innovative contemporary footwear designers from across the globe, this book reflects the rich and diverse range of cutting-edge shoe design. Using specially commissioned photography, never before published sketches, and original design material, New Shoes brings together a rich mix of desirable shoes, sandals, and boots to illustrate the unique blend of design skill and craftsmanship that footwear design demands.",208,0,15,20
2025-08-30,BESHC903708,9780349116754,The No. 1 Ladies' Detective Agency,Alexander McCall Smith,SCHS,English,Like New,"Action and adventure, Novel, Thriller, Young Adult","Wayward daughters. Missing Husbands. Philandering partners. Curious conmen. If you've got a problem, and no one else can help you, then pay a visit to Precious Ramotswe, Botswana's only - and finest - female private detective.

Her methods may not be conventional, and her manner not exactly Miss Marple, but she's got warmth, wit and canny intuition on her side, not to mention Mr J. L. B. Matekoni, the charming proprietor of Tlokweng Road Speedy Motors. And Precious is going to need them all as she sets out on the trail of a missing child, a case that tumbles our heroine into a hotbed of strange situations and more than a little danger . . .",240,0,10,18
2024-06-04,BESHC903357,9789921730869,مكتبة منتصف الليل (Hardcover),"Matt Haig ,  محمد الضبع  ",SCHS,Arabic,Like New,"Fantasy, Science fiction","لو عاد بك الزمن، هل ستغير ماضيك وتمحو أخطاءك؟

""كتاب مسل، مليء بالدفء والطرافة، احتفال رنان بقدرة الكتب على تغيير حياة أصحابها.""
- صنداي تايمز

""رواية مؤثرة عن الندم، الأمل، والفرص الثانية.""
- ديفيد نيكولس

""لا أستطيع وصف مشاعري تجاه أعماله، كتاب ضروري... مات هيغ ملك اللطف.""
- جميلة جميل

""مكتبة منتصف الليل عُبارة عن ضوء نادر للأمل والحكمة في الظلام.""
- جوان هاريس

""عبقري... مُمتع جداً.""
- ديلي ميل

""قصة رائعة... كتاب جميل ويحلو الضياع فيه.""
- زوي بول، بي بي سي راديو 2",361,0,20,33
2020-09-10,BESHC901152,9780757302749,Chicken Soup for the Soul Healthy Living Series: Breast Cancer,Jack Canfield,SCHS,English,Like New,"Self help, Health - Fitness - Diet","An inspirational series provides medicine for the soul, featuring heartwarming stories paired with relevant medical advice on subjects such as diet, psychological issues, family relations, alternative therapies, and more.",130,0,5,10
2023-05-28,BESHC903294,9781904902492,Sleep Deep,Karen Williamson; ,SCHS,English,Good,"Guide, Health - Fitness - Diet, Self help","Whether it's a stressful time at work or a snoring partner, lack of sleep is something everyone has experienced. This book provides 52 ideas for sweet dreams.",257,0,22,30
2020-06-10,BESHC900267,9780753817957,The Xmas Files,Stephen Law,SCHS,English,Like New,Comedy & Humor,"Picture the scene: Aunt Gertrude has just given you the most appalling Christmas tie, complete with snow-flecked kittens in a bowler hat. Do you smile, nod, and confine it to the bottom drawer? Or do you tell the truth and spare yourself future ties from hell? Kant would say that we must, at all costs, tell the truth - whilst Mill would insist that we should think of the consequences. THE XMAS FILES is a philosophical meander though the myths and rituals of Christmas today, asking such important questions as does Santa exist? What's wrong with Christmas kitsch? Is it all just a commercial racket? What was Augustine's attitude to 'peace on earth'? And what would David Hume have to say about the virgin birth? For underneath all the festive fun, the way we celebrate Christmas does raise serious questions about the beliefs that sustain us, and the ways in which we still value ritual and tradition as a means of coming together.",150,0,10,15
2025-09-16,BESHC903770,9780316395458,The Store- [Hardcover],James Patterson; ,SCHS,English,Good,"Crime, Mystery - Suspense, Novel, Thriller","When Jacob and Megan Brandeis plan to expose a secretive and evil corporation, the fallout threatens to destroy them. Jacob and Megan Brandeis have gotten jobs with the mega-successful, ultra-secretive Store. Seems perfect. Seems safe. But their lives are about to become anything but perfect, anything but safe. Especially since Jacob and Megan have a dark secret of their own. They're writing a book that will expose the Store-a forbidden book, a dangerous book. And if the Store finds out, there's only one thing Jacob, Megan and their kids can do: run for their bloody lives. Which is probably impossible, because the Store is always watching . . .",304,0,16,26
2020-07-16,BESHC900620,9780141046433,The Growing Pains Of Adrian Mole,Sue Townsend,SCHS,English,Like New,"Novel, Young Adult, Comedy & Humor","The Growing Pains of Adrian Mole is the second book in Sue Townsend's brilliantly funny Adrian Mole series.

Sunday July 18th
My father announced at breakfast that he is going to have a vasectomy. I pushed my sausages away untouched.

In this second instalment of teenager Adrian Mole's diaries, the Mole family is in crisis and the country is beating the drum of war. While his parents have reconciled after both embarked on disastrous affairs, Adrian is shocked to learn of his mother's pregnancy.

And even though at the mercy of his rampant hormones and the fickle whims of the divine Pandora, a victim of a broken home and his own tortured (though unrecognised) genius, Adrian continues valiantly to chronicle the pains and pleasures of a misspent adolescence.
________

'Funny, moving and a poke in the eye for adult morality' Sunday Express

'Written with great verve, and showing an uncanny understanding of the young, Sue Townsend holds the balance between innocence and precocity and the result is both hilarious and salutary' Daily Telegraph

'Life's no fun for an adolescent intellectual. For the reader it's a hoot' New Statesman",288,0,15,20
2024-11-26,BESHC903490,9781841491653,The Gathering Storm - Hardcover,Robert Jordan,SCHS,English,Like New,"Fantasy, Novel, Science fiction",Rand al'Thor struggles to unite a network of kingdoms and alliances in preparation for the Last Battle. As he attempts to halt the Seanchan encroachment his allies watch in terror the shadow that seems to be growing within the heart of the Dragon Reborn himself. Egwene al'Vere works to hold together the disparate factions of Aes Sedai.,783,0,15,23
2021-09-28,BESHC902760,9780440866459,Candyfloss,Jacqueline Wilson,SCHS,English,Good,Children books Age 9-12,"Floss's parents split up when she was younger and she now divides up her week, spending five days with her mum, her mum's new boyfriend and her new baby half-brother. The other two days Floss spends with her dad, helping him to run his greasy spoon cafe. But then their simple arrangement is thrown into disarray when Floss's mum decides to move to Australia for six months. Floss has to choose whether to go with her or stay with her dad. She picks her dad and they muddle along happily together, surviving on chip butties and enjoying visits to the local funfair. But then disaster strikes, Dad's money troubles catch up with him and they have to move out of the cafe. They're homeless - but can their new fairground friends help out? Another gripping and emotionally involving slice of family life from the award-winning, bestselling author, Jacqueline Wilson",368,0,10,18
2022-04-06,BESHC903054,9780330436083,Sovereign,C. J. Sansom; ,SCHS,English,Like New,"Crime, Historical fiction","This third Shardlake novel is set in the autumn of 1541, during the reign of Henry VIII. This time Matthew Shardlake is faced with the most terrifying fate of the age: imprisonment in the Tower of London.",661,0,10,18
2021-01-17,BESHC902084,9780340953778,My Name Is Memory,Ann Brashares,SCHS,English,Like New,"Novel, Romance, Fantasy","The latest from the ""New York Times"" bestselling author of ""The Sisterhood of the Traveling Pants.""
Daniel has spent centuries falling in love with the same girl. Life after life, crossing continents and dynasties, he and Sophia (despite her changing name and form) have been drawn together-and he remembers it all. For all the times that he and Sophia have been connected throughout history, they have also been torn painfully, fatally, apart.
But just when Sophia (now ""Lucy"" in the present) finally awakens to the secret of their shared past, the mysterious force that has always separated them reappears. Ultimately, they must come to understand what stands in the way of their love if they are ever to spend a lifetime together.",403,0,10,15
2022-04-06,BESHC903049,9780141029818,The Hidden Reality,Brian Greene; ,SCHS,English,Good,Science,"""The Hidden Reality"" reveals how major developments in different branches of fundamental theoretical physics -- relativistic, quantum, cosmological, unified, computational -- have all led us to consider one or another variety of parallel universe.",370,0,10,18
2023-03-05,BESHC903237,9780593056578,The Da Vinci Code Illustrated Screenplay,Akiva Goldsman; Dan Brown; ,SCHS,English,Good,"Mystery - Suspense, Picture book, Thriller","Harvard professor Robert Langdon receives an urgent late-night phone call while on business in Paris: the elderly curator of the Louvre has been brutally murdered inside the museum.Alongside the body, police have found a series of baffling codes.As Langdon and a gifted French cryptologist, Sophie Neveu, begin to sort through the bizarre riddles, they are stunned to find a trail that leads to the works of Leonardo Da Vinci u and suggests the answer to a mystery that stretches deep into the vault of history. Unless Langdon and Neveu can decipher the labyrinthine code and quickly assemble the pieces of the puzzle, a stunning historical truth will be lost forevera Screenwriter AKIVA GOLDSMAN is one of Hollywood's most successful screenwriters. He is also the producer of a strong of blockbusting movies including 'Mr and Mrs Smith' and 'Starsky and Hutch'.",208,0,15,23
2021-07-25,BESHC902587,9780689861543,A Taste of Danger,Carolyn Keene; ,SCHS,English,Good,"Children Books, Children books Age 9-12, Mystery - Suspense","While staying at the Gourmet Getaway, a resort in Massachusetts' Berkshire mountains, Nancy and her friends, Beth, George, and Hannah, investigate the mysterious series of events that threaten to sabotage the resort's grand opening.",176,0,10,15
2023-03-13,BESHC903256,9781408813164,Battle Hymn of the Tiger Mother,Amy Chua,SCHS,English,Like New,Autobiography - Biography,"A lot of people wonder how Chinese parents raise such stereotypically successful kids. They wonder what Chinese parents do to produce so many math whizzes and music prodigies, what it's like inside the family, and whether they could do it too. Well, I can tell them, because I've done it... Amy Chua's daughters, Sophia and Louisa (Lulu) were polite, interesting and helpful, they were two years ahead of their classmates in maths and had exceptional musical abilities. But Sophia and Lulu were never allowed to attend a sleepover, be in a school play, choose their own extracurricular activities, get any grade less than an A, and not be the #1 student in every subject (except gym and drama). And they had to practice their instruments for hours every day, as well as in school breaks and on family holidays. The Chinese-parenting model certainly seemed to produce results. But what happens when you do not tolerate disobedience and are confronted by a screaming child who would sooner freeze outside in the cold than be forced to play the piano? In Battle Hymn of the Tiger Mother, Amy Chua relates her experiences raising her children the 'Chinese way', and how dutiful, patient Sophia flourished under the regime and how tenacious, hot-tempered Lulu rebelled. It is a story about a mother, two daughters, and two dogs. It's also about Mozart and Mendelssohn, the piano and the violin, and how they made it to Carnegie Hall. It was supposed to be a story of how Chinese parents are better at raising kids than Western ones. But instead, it's about a bitter clash of cultures, a fleeting taste of glory, and how you can be humbled by a thirteen-year-old. Witty, entertaining and provocative, this is a unique and important book that will transform your perspective of parenting forever.",256,0,15,23
2020-07-25,BESHC900763,9780755380541,The Snow Child,Eowyn Ivey,SCHS,English,Like New,Novel,"Alaska, 1920: a brutal place to homestead--and especially tough for recent arrivals Jack and Mabel. Childless, they are drifting apart. In a moment of levity during the season's first snowfall, they build a child out of snow. The next morning the snow child is gone--but they glimpse a young, blonde-haired girl running through the trees.",432,0,20,25
2020-07-09,BESHC900562,9789350293515,Jack Is Back In Corporate Carnival,P. G. Bhaskar,SCHS,English,Like New,Novel,"P.G. Bhaskar’s lines are packed with wit that ring with sincerity and spontaneity, eliciting some hearty laughs",312,0,5,10
2025-01-22,BESHC903599,9788122200607,Shahnaz Husain's Beauty Book,Shahnaz Husain,SCHS,English,Good,"Autobiography - Biography, Guide","NOTE: MINOR STAINING ON EDGE. INSIDE CONTENT IS IN CONDITION IS GOOD./In this book, Shahnaz Husain makes a successful endeavor to spread the rich herbal heritage of India around the world. She offers complete and holistic beauty solutions. The topics include skin, face and hair care, hand and feet care, and tips on make-up.",184,1,7,15
2021-11-25,BESHC902898,9780470379288,The New Rules of Marketing and PR,David Meerman Scott; ,SCHS,English,Good,"Finance - Business - Economics, Guide","NOTE: SMALL STAINS
This book is suitable for marketers. ""The New Rules of Marketing and PR"" shows you how to leverage the potential that Web-based communication offers your business. Finally, you can speak directly to customers and buyers, establishing a personal link with the people who make your business work. This one-of-a-kind guide includes a step-by-step action plan for harnessing the power of the Internet to create compelling messages, get them in front of customers, and lead those customers into the buying process.",287,0,15,23
2021-09-28,BESHC902757,9788192982205,A Good Girl ,Chandana Roy ,SCHS,English,Acceptable,Romance," NOTE: SMALL HOLE IN THE SPINE
Raised to be a good girl, by her elderly uncle and aunt, Ellora Chatterjee lives by rules of her orthodox society... until she falls in love at eighteen. ",304,0,10,18
2020-07-16,BESHC900619,9780141046464,Adrian Mole: The Cappuccino Years,Sue Townsend,SCHS,English,Like New,"Novel, Romance, Comedy & Humor","One of the greatest comic creations. I can't remember a more relentlessly funny book' Daily Mirror

'My comfort read. The best diaries ever written - with apologies to Samuel Pepys, Bridget Jones and me' ADAM KAY

The fifth book in his hilarious diaries, where Adrian faces divorce, fatherhood and (short-lived) television stardom . . .
__________

Adrian Mole is thirty, single and a father.

His cooking at a top London restaurant has been equally mocked ('the sausage on my plate could have been a turd') and celebrated (will he be the nation's first celebrity offal chef?).

And the love of his life, Pandora Braithwaite, is too busy as the newly elected MP for Ashby-de-la-Zouch to notice him.

Frustrated, disappointed and undersexed, Adrian despairs until a letter from his past changes everything . . .
__________

'With the Mole books, Townsend has an unrivalled claim to be this country's foremost practising comic novelist' Mail on Sunday

'Adrian Mole really is a brilliant comic creation. Every sentence is witty and well thought out, and the whole has reverberations beyond itself' The Times

'The funniest person in the world' Caitlin Moran

'Three cheers for Mole's chaotic, non-achieving, dysfunctional family. We need him' Evening Standard",416,0,15,20
2022-04-06,BESHC903037,9780743415668,In Her Shoes,Jennifer Weiner; ,SCHS,English,Like New,"Comedy & Humor, Novel, Young Adult","Rose Feller a high-powered attorney, dreams of a man who will slide off her glasses, gaze into her eyes and tell her she's beautiful. Her sister, Maggie, is 28, drop-dead gorgeous, occasionally employed and dreams of fame and fortune. They are about to learn they are more alike than they believed.",424,0,10,18
2021-10-09,BESHC902828,9786140116986,مساءات دردية,حمد الحمد,SCHS,Arabic,Like New,Novel,في هذا المساء الكئيب أحاول أن ألتقط أنفاسي، لم تمض سوى فترة قصيرة حتى أعلن الباشمهندس شوكت أنني قد تجاوزت الصدمة. كنت أثناء مرحلة الصدمة إنساناً آخر، أنفث دخان سيجارتي إلى أعلى، أشعر أنني أحترق، نسيت أن أحلق ذقني، أبدو كإنسان نساه الزمن.,278,0,17,25
2020-07-08,BESHC900452,9780099570950,Flash & Bones,Kathy Reichs,SCHS,English,Like New,"Crime, Thriller","FLASH! Illuminated by lightning, a lifeless human hand seems to reach from a barrel of asphalt beside the Charlotte racetrack.

Forensic anthropologist Dr Tempe Brennan must find answers before thousands arrive for the year's big race. But before she can carry out a proper examination, the FBI mysteriously confiscate and destroy the body.

It's a dead end.

Until a young engineer alerts Tempe to the disappearance of a couple twelve years earlier - and a deadly conspiracy unravels.",320,0,10,15
2021-03-29,BESHC902380,9781445406442,"Stay Fit, Stay Young",Sara Rose,SCHS,English,Like New,Health - Fitness - Diet,"An enjoyable, easy-to-follow inspirational program to help you look younger, feel fitter and more confident.",96,0,2,9
2020-10-10,BESHC901483,9780340822784,Cloud Atlas,"Mitchell, David",SCHS,English,Like New,"Novel, Science fiction, Fantasy","Shortlisted for the Man Booker Prize 2004

Winner of the Richard & Judy Best Read of the Year

Souls cross ages like clouds cross skies . . .

Six interlocking lives - one amazing adventure. In a narrative that circles the globe and reaches from the 19th century to a post-apocalyptic future, Cloud Atlas erases the boundaries of time, genre and language to offer an enthralling vision of humanity's will to power, and where it will lead us.",544,0,15,20
2020-12-06,BESHC901802,9781409103417,Married with Baggage,Elise Chidley,SCHS,English,Like New,Novel,"When Annie is swept off her feet by handsome widower Simon Keeler, she thinks all her dreams have come true. But Simon comes with baggage: seven-year-old daughter, Lydia, who's less than keen for a new mother - especially one as clueless as Annie. Soon the Keelers relocate to an exclusive small town in Connecticut. Amongst the country clubs, landscaped gardens and fashionable parents, Annie struggles to fit in. And after forgetting to collect her step-daughter from school and hosting the dinner party from hell, she begins to wonder if she's mother material. Enlisting the help of some new friends and a frisky horse called PomPom, Annie is determined to step up to the plate, but can she ever become the wife and mother her ready-made family needs...'",311,0,10,15
2021-06-07,BESHC902427,9780300116496,The American Play,Marc Robinson; ,SCHS,English,Like New,Art - Craft - Hobbies - Music,"In this brilliant study, Marc Robinson explores more than two hundred years of plays, styles, and stagings of American theater. Mapping the changing cultural landscape from the late eighteenth century to the start of the twenty-first, he explores how theater has—and has not—changed and offers close readings of plays by O’Neill, Stein, Wilder, Miller, and Albee, as well as by important but perhaps lesser known dramatists such as Wallace Stevens, Jean Toomer, Djuna Barnes, and many others. Robinson reads each work in an ambitiously interdisciplinary context, linking advances in theater to developments in American literature, dance, and visual art. The author is particularly attentive to the continuities in American drama, and expertly teases out recurring themes, such as the significance of visuality. He avoids neatly categorizing nineteenth- and twentieth-century plays and depicts a theater more restive and mercurial than has been recognized before. Robinson proves both a fascinating and thought-provoking critic and a spirited guide to the history of American drama.",405,0,15,20
2026-01-10,BESHC903808,9781472261403,American Dirt,Jeanine Cummins; ,SCHS,English,Like New,"Historical fiction, Novel","'Heartstopping... doesn't let up... you will urge them on, fists clenched' The Times An extraordinary story of the lengths a mother will go to to save her son, AMERICAN DIRT has sold over 2 million copies worldwide. It's time to read what you've been missing. Lydia Perez owns a bookshop in Acapulco, Mexico, and is married to a fearless journalist. Luca, their eight-year-old son, completes the picture. But it only takes a bullet to rip them apart. In a city in the grip of a drug cartel, friends become enemies overnight, and Lydia has no choice but to flee with Luca at her side. North for the border... whatever it takes to stay alive. The journey is dangerous - not only for them, but for those they encounter along the way. Who can be trusted? And what sacrifices is Lydia prepared to make? *An Instant New York Times #1 Bestseller 2020* *An Instant Sunday Times Top Ten Bestseller 2020* *Over 2 million copies sold globally* *A Richard and Judy Bookclub Pick* *An Oprah's Book Club Pick* *A BBC Radio 4 Book at Bedtime*",460,0,15,25
2020-07-25,BESHC900721,9789350290323,The Vague Woman's Handbook,Devapriya Roy,SCHS,English,Like New,Novel,They are bad with directions; they never know when the credit card bill is due. They have perfected the art of turning over a new leaf tomorrow. Meet the vague women in this delightful first novel that doesn't star a woman looking for the right man - because she's already found him,343,0,10,15
2020-09-09,BESHC901143,9780751539219,The Brave,Nicholas Evans,SCHS,English,Like New,Novel,"The motto of the boarding school to which Tommy Bedford is dispatched is Fortune Favours the Brave. It's 1959 and the school bristles with bullies and sadistic staff. Tommy, a quirky loner, obsessed with cowboys and Indians, needs all the bravery he can summon. Salvation comes when his glamorous actress sister is swept off to Hollywood by one of his heroes, TV cowboy Ray Montane. But with the Cold War looming, the sinister side of Tinseltown seeps through and Tommy and Diane soon find themselves in jeopardy. Forty years on, Tommy has to confront his boyhood ghosts when his own son finds himself charged with murder.",496,0,2,10
2020-10-10,BESHC901501,97000009,The Adventures of Oliver Twist,Emily Barr,SCHS,English,Acceptable,Classics,"The story of the orphan Oliver, who runs away from the workhouse to be taken in by a den of thieves, shocked readers with its depiction of a dark criminal underworld peopled by vivid and memorable characters - the arch-villain Fagin, the artful Dodger, the menacing Bill Sikes and the prostitute Nancy. Combining elements of Gothic romance, the Newgate novel and popular melodrama, Oliver Twist created an entirely new kind of fiction, scathing in its indictment of a cruel society and pervaded by an unforgettable sense of threat and mystery.",523,0,10,15
2020-09-24,BESHC901380,9781905654574,Hunted,P. C. Cast,SCHS,English,Like New,"Young Adult, Fantasy","The door closed with a sickening thud of finality, shutting my friends out and leaving me alone with my enemy, a fallen angel, and the monstrous bird creature his ancient lust had created. Then I did something I'd only done twice before in my entire life. I fainted.' It's all happening, though Zoey Redbird wishes it wasn't. She has her friends back, which is great. But a dark angel has taken over the House of Night, supported by High Priestess Neferet. Not so great. This leaves Zoey hiding out with the (supposedly friendly) red fledglings in Tulsa's prohibition-era tunnels. The not greatness continues. Zoey has some boy-thoughts to distract her, with a chance to make-up with super-hot-ex Eric. But thoughts of the archer that died, semi-permanently, in her arms also keep distracting her. Then he shows up as Neferet's newest minion. Well, hell. Zoey and friends need a plan to put things right, soon, if she's to keep both head and heart intact. - Not suitable for younger readers -",439,0,15,20
2022-04-09,BESHC903115,9781612680309,Rich Dad Poor Dad for Teens,Robert T. Kiyosaki; ,SCHS,English,Like New,"Guide, Self help",This just-for-teen title builds a foundation of self-confidence from which readers can realise their dreams of financial security in an increasingly challenging and unreliable job market.,105,0,10,18
2021-09-29,BESHC902768,9780263854725,The Boss's Little Miracle,Barbara McMahon; ,SCHS,English,Good,Romance,"Promoted and pregnant!



Life is about choices-but, as Anna Larkin knows, sometimes life makes those choices for you. Knowing she can never have children, Anna has thrown herself into a high-flying career. She's poised for promotion when in walks her new CEO...the man who broke her heart a few weeks ago!


As soon as Tanner realized he was going to be Anna's new boss he ended things-for both their sakes. He knows business and romance don't mix-and Anna agrees-But then Anna discovers that a little miracle has happened-and it changes everything!",256,0,5,13
2020-06-08,BESHC900102,9780670918072,Anatomy of a Disappearance,Hisham Matar,SCHS,English,Like New,"Thriller, Crime, Romance","Nuri is a young boy when his mother dies. It seems that nothing will fill the emptiness that her strange death leaves behind in the Cairo apartment he shares with his father. Until Mona. When Nuri first sees Mona, sitting in her bright yellow swimsuit by the pool of the Magda Marina holiday resort, the rest of the world vanishes. But it is Nuri's father with whom Mona falls in love and who she will eventually marry. And their happiness consumes Nuri to the point where he longs to get his father out of the way. However, Nuri will soon regret what he wished for. And, as he and his stepmother's world is shattered by events beyond their control, they both begin to realise how little they really knew about the man they loved. In a voice that is delicately wrought and beautifully tender, Hisham Matar asks, in his extraordinary new novel, when a loved one disappears how does their absence shape the lives of those who are left? 'Two things stood out as I read Anatomy of a Disappearance. First, there was the quiet power of the language, and the author's control of it. Second, there was Hisham Matar's ability to tell a story that from the first sentence seems inevitable, yet is full of surprises. I was moved and very impressed.' Roddy Doyle 'A curiously engaging story that takes one into a world that seem as simultaneously remote and familiar as something in a dream. Each time I had to put it down I couldn't wait to get back to it' Michael Frayn 'Matar has a wonderfully spare and lucid style. The novel is all the more powerful for the restraint with which the author writes of a son's loss and loss and longing for his father.' Daily Mail 'A beautifully crafted tale.' FT 'Sensually written, there is an extravagant feel even to the simplest sentence and an almost claustrophobic desire, a 'dark tenderness' for the physical presence of the departed.' Sunday Telegraph 'Haunting in every sense, Anatomy of a Disappearance is an absorbing novel that finds its eloquence in what is left unsaid and its most vivid imagery in what has been lost, possibly forever.' Sunday Times 'A tightly coiled, masterfully controlled narrative.' Independent on Sunday 'What is powerful, again, is Matar's sombre gift for absence and longing.' Guardian 'A poignant exploration of the half-state between grief and hope.' New Statesman",247,0,20,25
2021-09-18,BESHC902718,9780874835304,Improving Your Storytelling,Doug Lipman; ,SCHS,English,Good,"Education, Guide","The first steps in storytelling are often easy, because we tell stories informally every day. Once you take storytelling into the more formal contexts of performance or occupational uses, however, you may be faced with challenges you hadn't anticipated. You need information that goes beyond the basics. And you need it in a form that does not just tell you what to do but helps you make your own informed decisions. This book is meant for the reader who has already begun to tell stories and is ready to learn more about the art. Instead of rules to follow, it gives you a series of frameworks that encourage you to think on your feet. Doug Lipman has written and taught extensively on the art of storytelling. With the same generosity and warmth that characterize his workshops, he considers the teller's relationship to the story, the teller's relationship to the audience, and the transfer of imagery in a medium that is simultaneously visual, auditory, and kinesthetic.",219,0,10,18
2021-08-15,BESHC902676,1102051111823,Sudoku Brain Booster,EduFun;,SCHS,English,Good,Activity Book,"NOTE: NO PUZZLES SOLVED. 
Sudoku activity book. ",152,0,5,10
2022-03-30,BESHC902980,9781857231212,The Shadow Rising,Robert Jordan; ,SCHS,English,Good,Fantasy,"The fourth book in Robert Jordan's internationally bestselling epic fantasy series, THE WHEEL OF TIME, now reissued with a stunning new cover design. The Stone of Tear, invulnerable fortress of legend, has fallen. The Children of the Dragon have risen to the call of prophecy and march to the aid of the Light. Callandor, the Sword That Is Not a Sword, is held by Rand al' Thor, the man proclaimed as the Dragon Reborn. But still the shadows lengthen and still the Forsaken grow in strength. If he is to fight them, Rand must master the male half of the True Source, a power corrupted by the Dark One, a power that drives men to madness, a power that may save or damn the world. ",1031,0,10,18
2020-08-28,BESHC901077,9781877864865,"Old World, New World",Craig Storti,SCHS,English,Like New,Finance - Business - Economics,"Storti explores how people from all cultures have different values, beliefs, and ideas of good and evil, morality and immorality.",276,0,10,15
2022-04-14,BESHC903147,9780575085305,Graceling,Kristin Cashore; ,SCHS,English,Like New,"Action and adventure, Children Books, Fantasy, Novel, Romance","In a world where people born with an exceptional skill, known as a Grace, are feared and exploited, Katsa carries the burden of a skill even she despises: the Grace of killing. She lives under the command of her Uncle Randa, King of the Middluns, and is expected to carry out his dirty work, punishing and torturing anyone who displeases him. Breaking arms and cutting off fingers are her stock-in-trade. Finding life under his rule increasingly unbearable, Katsa forms an underground Council whose purpose is to combat the destructive behaviour of the seven kings - after all, the Middluns is only one of the Seven Kingdoms, each of them ruled by their own king and his personal agenda for power. When the Council hears that the King of Liend's father has been kidnapped Katsa investigates ... and stumbles across a mystery. Who would want to kidnap him, and why? And who was the extraordinary Graced fighter who challenged her fighting skills, for the first time, as she and the Council rushed the old man to saftey? Something dark and deadly is rising in the north and creeping across the continent, and behind it all lurks the shadowy figure of a one-eyed king ...",371,0,10,18
2020-09-10,BESHC901203,9780755339846,It Had To Be You,Von-ziegesar-cecily,SCHS,English,Like New,Young Adult,"Welcome to New York City's Upper East Side, where my friends and I all live in huge, fabulous apartments and go to exclusive single-sex private schools. We aren't always the nicest people in the world, but we make up for it in looks and taste.'

Enter the world of Gossip Girl and the exclusive Manhattan private school Constance Billard, inhabited by the city's most fabulous crowd; a world of jealousy, betrayal and outrageous behaviour!



There's a lot more to this story than anyone realises and you might find out just how the legendary GOSSIP GIRL column began...",336,0,15,20
2021-08-15,BESHC902684,9782246453710,Jim Chat-Ours fait des bêtises,Jean Alessandrini; Sophie Kniffke; ,SCHS,French,Good,"Children Books, Children books Age 6-8","Tout ce qui est défendu est plus amusant, pense Jim Chat-Ours, et il se met à l'ouvrage.",23,0,10,15
2021-03-08,BESHC902234,9780749941130,Dial L for Loser,Lisi Harrison,SCHS,English,Like New,Young Adult,"Meet The Clique, the five girls who rule Octavian Country Day School . . .

When movie director Rupert Mann invites the girls to audition for his new teen blockbuster, Clique captain Massie packs her straight-leg velvet Sevens and heads off to L.A. on an ah-mazing private jet with all the girls except Kristen, who is grounded. But when they arrive, everyone starts treating Claire like she's the star. Dial W for What the . . .?!

Back home, Kristen Gregory isn't missing her friends at all. The Briarwood boys are keeping her company - including a certain person's crush. Is Kristen playing with fire?",256,0,5,10
2021-01-17,BESHC902099,9780061288869,Vampire Kisses 5: The Coffin Club,Ellen Schreiber,SCHS,English,Like New,"Fantasy, Novel","It's tough for love-struck Raven to imagine what's keeping her nocturnal boyfriend from returning to Dullsville. So there's only one thing to do—find Alexander. Along the way, Raven can't resist the spot where she feels most at home, the Coffin Club. But when she stumbles upon a secret door in the club, she descends into a dim catacomb—to a hidden hangout where the house drink happens to be type A or B. Drawn to one of its shadowy members, Raven suspects she's in over her head. But exploring the covert club is too tempting, even after coming face-to-face with Alexander's trouble-stirring enemy. Can Raven delve further into the Underworld unbeknownst to Alexander—and also solve the mystery of her true love's own secrecy? Ellen Schreiber's sizzling Vampire Kisses series continues with its darkest installment yet.",208,0,10,15
2021-10-06,BESHC902814,9781408701539,Adapt,Tim Harford; ,SCHS,English,Good,Guide,"Everything we know about solving the world's problems is wrong. Out: Plans, experts and above all, leaders. In: Adapting - improvise rather than plan; fail, learn, and try again In this groundbreaking new book, Tim Harford shows how the world's most complex and important problems - including terrorism, climate change, poverty, innovation, and the financial crisis - can only be solved from the bottom up by rapid experimenting and adapting. From a spaceport in the Mojave Desert to the street battles of Iraq, from a blazing offshore drilling rig to everyday decisions in our business and personal lives, this is a handbook for surviving - and prospering - in our complex and ever-shifting world.",309,0,15,23
2020-08-17,BESHC900946,9780545425124,The World of the Hunger Games Games Trilogy) Photographic Novel,New York Scholastic Press,SCHS,English,Like New,"Young Adult, Science fiction","Welcome to Panem, the world of The Hunger Games. This is the definitive, richly illustrated, full-colour guide to all the districts of Panem, all the participants in The Hunger Games, and the life and home of Katniss Everdeen. This is a must-have for fans of both the ""Hunger Games"" novels and the new ""Hunger Games"" film.",184,0,10,15
2020-06-10,BESHC900311,9780273710196,The Rules of Wealth,Richard Templar,SCHS,English,Like New,"Guide, Self help, Finance - Business - Economics",The Rules of Wealth' is a set of behaviours that separate the wealthier from the less wealthy. They are a personal code for a more prosperous life.,230,0,15,20
2024-06-12,BESHC903403,9781906694159,The Girl Who Played with Fire,Stieg Larsson,SCHS,English,Good,"Crime, Mystery - Suspense, Novel, Thriller","Mikael Blomkvist, crusading journalist and publisher of the magazine Millennium, has decided to run a story that will expose an extensive sex trafficking operation between Eastern Europe and Sweden, implicating well-known and highly placed members of Swedish society, business, and government.

But he has no idea just how explosive the story will be until, on the eve of publication, the two investigating reporters are murdered. And even more shocking for Blomkvist: the fingerprints found on the murder weapon belong to Lisbeth Salander—the troubled, wise-beyond-her-years genius hacker who came to his aid in The Girl with the Dragon Tattoo, and who now becomes the focus and fierce heart of The Girl Who Played with Fire.

As Blomkvist, alone in his belief in Salander’s innocence, plunges into an investigation of the slayings, Salander herself is drawn into a murderous hunt in which she is the prey, and which compels her to revisit her dark past in an effort to settle with it once and for all.",649,1,10,18
2020-09-10,BESHC901188,9780786887125,The Don't Sweat Affirmations,Richard Carlson,SCHS,English,Like New,Self help,"Provides a series of positive, encouraging sentences on serenity, problem-solving, peace of mind, choice, gratitude, abundance, kindness and compassion, progress, and related subjects.",192,0,15,20
2020-07-08,BESHC900492,9780349123134,The Saturday Big Tent Wedding Party. Alexander Mccall Smith,Alexander Mccall Smith,SCHS,English,Like New,"Action and adventure, Crime, Novel","THE TWELFTH BOOK IN THE BELOVED NO. 1 LADIES' DETECTIVE AGENCY SERIES

The one where Mma Makutsi gets married . . .

As the countdown to Mma Makutsi's big day begins, Violet Sephotho, her former rival for the affections of Phuti Radiphuti, is up to no good as usual. And will Mma Makutsi bury her differences with pushy Mma Potokwani, who has offered to help with the wedding feast?

Meanwhile Mma Ramotswe is called away on a case at a southern cattle post, and Charlie has again got himself in a bit of bother with a young lady.

At least they all have the happy occasion to look forward to . . .",256,0,15,20
2026-02-12,BESHC903835,9781421514819,"High School Debut, Vol. 1",Kazune Kawahara,SCHS,English,Like New,"Comic Books - Graphic Novels, Romance","When Haruna Nagashima was in junior high her life consisted of playing softball and reading comics. But now that she's going to high school, Haruna decides to put all of her energy towards getting a boyfriend and having the high school romance of a lifetime. To help in her quest, she enlists cute upperclassman Yoh Komiyama to coach her as she eschews her jock tendencies and turns herself into the kind of girl who can catch a guy. Yoh agrees, with one catch: Haruna had better not fall for him!",210,1,10,22
2021-08-04,BESHC902617,9780375709241,An Equal Music,Vikram Seth; ,SCHS,English,Good,"Novel, Romance","Years after separating, violinist Michael Holme is reunited with his former lover, pianist Julia McNicholl, during a musical tour of Vienna, unaware that she is hiding her increasing deafness, and together they must confront their feelings for each other and the music that both unites and divides them. ",380,0,20,25
2022-04-04,BESHC903005,9780755330713,Lifeline,John Francome; ,SCHS,English,Like New,"Animals, Crime, Novel","Unlike some of his fellow jockeys, Tony Byrne has never taken a bung and never ridden a dishonest race. All the same, his career is heading for the rocks, dragged down by weight problems and woman trouble - and too many slow horses.",384,0,10,18
2021-08-15,BESHC902693,9782723420464,Les vacances de Mafalda,Quino; ,SCHS,French,Good,"Children books Age 6-8, Children books Age 9-12, Comic Books - Graphic Novels",Bande dessinée en couleur et en français.,47,0,10,15
2020-08-16,BESHC900927,9780330510554,The Third Reich ,Roberto Bolano,SCHS,English,Like New,Novel,"In Roberto Bolano's The Third Reich war-games champion Udo Berger and his girlfriend Ingeborg are on holiday. There they meet another vacationing German couple, Charly and Hanna, and a band of shady locals. They have fun, see the sights, relax. Then, late one night, Charly disappears without a trace.

Desperate to solve the mystery, Udo refuses to leave, even after Ingeborg returns home. Increasingly frightened, the situation slips beyond his grasp and he suddenly realizes that the consequences of this `game' are much more serious than he ever imagined.",288,0,2,10
2020-07-26,BESHC900794,9780425248409,V is for Vengeance,Sue Grafton,SCHS,English,Like New,Novel,"Kinsey is hired to investigate the mysterious suicide of a woman who she had previously reported for shoplifting. The womans grieving fiancé suspects something is amiss, but Kinsey disagrees, putting her at odds with the man shes working for. Her search soon leads her to an organized retail theft ring and a case she cant walk away from. U IS FOR UNDERTOW debuted at No 1 on the New York Times bestseller list.",402,0,10,15
2022-04-04,BESHC903020,9780330448574,Stalin's Ghost,Martin Cruz Smith; ,SCHS,English,Like New,"Action and adventure, Crime, Novel, Thriller","Investigator Arkady Renko, the pariah of the Moscow prosecutor's office, has been assigned the thankless job of investigating a new phenomenon: late-night subway riders report seeing the ghost of Joseph Stalin on the platform of the Chistye Prudy Metro station. The illusion seems part political hocus-pocus and also part wishful thinking, for among many Russians Stalin is again popular; the bloody dictator can boast a two-to-one approval rating. Decidedly better than that of Renko, whose lover, Eva, has left him for Detective Nikolai Isakov, a charismatic veteran of the civil war in Chechnya, a hero of the far right and, Renko suspects, a killer for hire. The cases entwine, and Renko's quests become a personal inquiry fueled by jealousy.",387,0,10,18
2020-07-03,BESHC900371,9788189491802,Healthy Diabetic Cooking,Tarla Dalal,SCHS,English,Like New,Cookbook,"Leftovers are something that every cook has to deal with unless she is a particularly adept planner. How often have you been faced with extra chapattis or rice at the end of the day and tucked them into the refrigerator with resignation and despite your best intentions, have you left them there, only to finally dispose of them in the garbage? Most of us can't seem to stretch our imaginations when it comes to making innovative use of leftovers. The trick is to convert them into something that not only looks but also tastes different from the original. This book, which is divided into seven sections, offers creative recipes for leftover Rice, Bread, Chapattis, Pasta, Khichdi, Boiled Potatoes, and Miscellaneous dishes. If you thought the most you could do with leftover rice was spice it up with a tadka, you will be pleasantly surprised by our suggestions and if you've been wondering what to do with drying bread, think desserts like rabdi or gulab jamun! The book also includes helpful tips such as making breadcrumbs from leftover bread and how to revive cold pasta. Go ahead and experiment.",94,0,10,15
2020-07-09,BESHC900514,9781409135432,The House of Dust and Dreams,Brenda Reid,SCHS,English,Like New,"Historical fiction, Romance","Greece 1936. A young British diplomat and his wife have been posted to Athens. Hugh loves the life there but his spirited and unconventional wife, Evadne, finds it hard to fit into the whirl of endless parties and socialising. When Hugh is sent to Crete to sort out a problem, they stay in a rundown house owned by his family. His wife falls in love with the place and the people, and stays on when Hugh returns to his duties. As she tries to rebuild the ramshackle home, Evadne - known as Heavenly by the locals - makes firm friends with Anthi, a young woman from the village and Christo, the handsome and charismatic young builder. But the dark clouds of war are gathering and the island will become a crucible of violence and bloodshed in the days to come. For Heavenly, her friends and family, it will be the greatest test they have ever known.",384,0,10,15
2026-01-07,BESHC903777,9780847860630,"Fabergé: Treasures of Imperial Russia: Fabergé Museum, St. Petersburg - Hardcover",Géza von Habsburg; Tatiana Muntian; Valentin Skurlov; Ulla;,SCHS,English,Like New,"Art - Craft - Hobbies - Music, History","This lavish-illustrated volume celebrates the Fabergé Museum in St. Petersburg and the Fabergé firm’s extraordinary craftsmanship in the late 19th – early 20th century, featuring:

Imperial Easter eggs

Jeweled enamel objects

Silverwork and other decorative pieces

Stunning photography of the Shuvalov Palace collection

It’s an ideal book for art lovers, collectors, history enthusiasts, and anyone fascinated by Russian decorative arts and the Romanov era",600,0,100,150
2020-08-14,BESHC900884,9788182525375,Set of 2 - Excel Easy to Learn Maths: Year 5,"Damon James,",SCHS,English,Like New,"Activity Book, Math, Children books Age 9-12","We make learning maths easy because:

    We focus on the basic skills - number, addition, multiplication & subtraction!
    Our instructions are really easy to understand so that children will enjoy working independently!
    Each new skill has plenty of practice for children to really grasp it!
    There are lots of fun activities that will motivate children to complete their work!",32,0,15,20
2021-11-14,BESHC902860,9781416528654,Angels & Demons,Dan Brown; ,SCHS,English,Good,Novel,"Harvard symbologist Robert Langdon is shocked to find proof that the legendary secret society, the Illuminati--dedicated since the time of Galileo to promoting the interests of science and condemning the blind faith of Catholicism--is alive, well, and murderously active. Brilliant physicist Leonardo Vetra has been murdered, his eyes plucked out, and the society's ancient symbol branded upon his chest. His final discovery, antimatter, the most powerful and dangerous energy source known to man, has disappeared--only to be hidden somewhere beneath Vatican City on the eve of the election of a new pope. Langdon and Vittoria, Vetra's daughter and colleague, embark on a frantic hunt through the streets, churches, and catacombs of Rome, following a 400-year-old trail to the lair of the Illuminati, to prevent the incineration of civilization.",572,0,10,18
2020-08-16,BESHC900936,9780670082759,A Time of Transition,Mani Shankar Aiyar,SCHS,English,Like New,"Autobiography - Biography, Politics","Mani Shankar Aiyar Looks Back To The Changes That Have Taken Place During The &Lsquo;Time Of Transition&Rsquo; &Mdash;The Two Decades Since Prime Minister Rajiv Gandhi Left Office After The Lok Sabha Elections Of November 1989. Rajiv Gandhi Was The Fourth Prime Minister Of India In Four Decades Of Independence, But The Last Twenty Years Have Seen As Many As Eight Prime Ministers And Several More Governments. Accompanying The Change From Single-Party Governance To The Instability Of Coalition Politics Are Major Transformations In The Pace, Trajectory And Even The Goals Of Nation-Building. It Is These Contentious Transitions That Are Reflected In The Five Major Themes Of This Volume: Democracy, Secularism, Socialism, Nonalignment, And Neighbourhood Policy. Mani Shankar Aiyar Was Both A Witness To, And A Reluctant Participant In, These Processes Of Change: As Joint Secretary In Rajiv Gandhi&Rsquo;S Prime Minister&Rsquo;S Office, As An Mp Since 1991, And Today As A Cabinet Minister In The United Progressive Alliance Government. His Columns For The Indian Express Are Analytical And Vivid Commentaries On Their Times, Written In The Author&Rsquo;S Inimitable Style. This Collection Sheds Light On A Critically Significant Era In Contemporary India.",372,0,4,10
2021-09-29,BESHC902767,9788129117304,An Autobiography,Mahatma Gandhi; ,SCHS,English,Good,Autobiography - Biography,"The Story of my Experiments with Truth narrates the life of a great man, with an even greater soul, in his own words. From his childhood onwards, Mohandas Karamchand Gandhi has always strived to attain the Absolute Truth. For him, God was Truth. This is not so much an autobiography as a series of reflections on his spiritual experiments in his quest to be one with God. From his schooldays to his marriage, his failings to his atonements, his journeys abroad, experiences in Africa to his participation in the Independence movement in India - Gandhi records all these events, and reflects on how they created an impact on his life. He also deals with celibacy, fasting, vegetarianism and other personal aspects of his life, apart from his struggle against colonialism and racism. An extremely personal and riveting autobiography, this book reveals the man who went on to become the Mahatma.",519,0,10,18
2021-07-15,BESHC902564,9780241137291,"Brown Bear, Brown Bear, what Do You See?",Bill Martin; ,SCHS,English,Good,"Children Books, Children books Age 0-2, Children books Age 3-5","NOTE: SOME INK STAINS INSIDE
A classic picture book by Eric Carle and Bill Martin, Jr - Brown Bear, Brown Bear, What Do You See? Exuberantly coloured artwork and favourite animals make this rhythmic story the perfect introduction to looking and learning about colours. Each spread leads seamlessly into the next and young children will delight in Eric's colourful collage animals and simple repetitive language. The book has been printed in a sturdy board book edition - perfect for little hands! Eric Carle is an internationally bestselling and award-winning author and illustrator of books for very young children. Eric lives in Massachusetts. Don't miss all the other The Very Hungry Caterpillar and Eric Carle books: The Very Hungry Caterpillar; Eric Carle's Very Special Baby Book; Polar Bear, Polar Bear, What do You Hear?; The Very busy Spider; The Very Quiet Cricket; The Artist Who Painted a Blue Horse; 1, 2, 3 to the Zoo; Baby Bear, Baby Bear, What do you See?; The Very Hungry Caterpillar Pop-Up Book; Polar Bear, Polar Bear, What Do You Hear?; The Very Hungry Caterpillar's Buggy Book; Brown Bear, Brown Bear, What Do You See?; The Bad-Tempered Ladbybird; The Very Hungry Caterpillar: Little Learning Library; The Very Hungry Caterpillar: Touch and Feel Playbook; My Very First Book of Words; The Very Hungry Caterpillar Book and Toy; Little Cloud; Today is Monday; My Very First Book of Shapes; The Very Hungry Caterpillar's Sound Book; The Very Hungry Caterpillar; From Head to Toe; The Very Hungry Caterpillar Big Board Book; Draw Me a Star; Mister Seahorse; Do You want to be My Friend?; The Tiny Seed",28,0,10,15
2022-04-22,BESHC903167,9780752842752,White Doves at Morning,James Lee Burke; ,SCHS,English,Like New,"Crime, Historical fiction","An epic novel of the American Civil War from the bestselling author of THE TIN ROOF BLOWDOWN. Set mainly in Louisiana during the years 1861-1868, this passionate novel of men, women and war tells the story of the author's ancestor, Confederate soldier Willie Burke, during the American Civil War. A classic Burke hero, Willie is soon in conflict with his superiors. The characters who people these pages, many of them based on real historical figures, are as memorable as any Burke has created. Mulatto, Flower Jamison, victim of terrible abuse who is determined to better herself; Abigail Dowling, whose Unionist sympathies put her in constant danger; Colonel Ira Jamison, rotten to his core yet who would rise from a cesspit smelling of roses...",344,0,10,18
2023-05-28,BESHC903316,97001752,مأساة من ثلاثة فصول ,Agatha Christie,SCHS,Arabic,Like New,Mystery - Suspense,ثلاثة عشر ضيفاً وصلوا إلى بيت الممثل المشهور لحضور حفل عشاء لكنه كان حفلاً مشؤوماً بالنسبة لواحد منهم ,310,0,12,20
2023-05-27,BESHC903284,9780340952764,Needful Things,Stephen King; ,SCHS,English,Good,"Horror, Novel","A new store has opened in the town of Castle Rock, Maine. It has whatever your heart desires . . . if you're willing to pay the price. In this chilling novel by one of the most potent imaginations of our time, evil is on a shopping spree and out to scare you witless. Presented unabridged and read by the author.",928,0,10,18
2021-09-18,BESHC902721,9780330372626,Monster Mission,Eva Ibbotson; ,SCHS,English,Good,"Action and adventure, Children books Age 9-12, Fantasy","Some mysterious, mad aunts have kidnapped three children to help them run a sanctuary for strange and wonderful creatures like mermaids, selkies, the boobrie bird, and even the great Kraken himself. However, the secret island they all love is under threat by villains who have other ideas.",230,0,15,23
2020-10-17,BESHC901509,97000015,كلمات تبحث عن معنى,صلاح محمد حمد,SCHS,Arabic,Good,Poetry,"
القدسُ مدينةُ أحلامي
قَبْلَ بدايةِ حُلْمِ الكونِ
زَرَعْتُ بها شَجرةَ زيتونٍ
أعطتني خيراً وظلالاً
لا يقدرُ أن يسرِقها
أحدٌ منِّي،
فلماذا تنتزعونَ الفرَح الورديَّ
النامي،  مِنْ أعينِ أطفالي
يا أعداءَ الأطفالْ؟؟؟",175,0,10,15
2020-12-24,BESHC901921,9780749953737,The Redemption,William Peter Blatty,SCHS,English,Like New,"Novel, Thriller","THE REDEMPTION opens in the world's most oppressive and isolated totalitarian state: Albania in the 1970s. A prisoner suspected of being an enemy agent is held by state security. An unsettling presence, he maintains an eerie silence though subjected to unimaginable torture. He escapes - and on the way to freedom, completes a mysterious mission. The prisoner is Dimiter, the American 'agent from hell'. The scene shifts to Jerusalem, focusing on Hadassah Hospital and a cast of unusual characters. All become enmeshed in a series of baffling, inexplicable deaths, until events explode in a surprising climax. Told with unrelenting pace, THE REDEMPTION's compelling, page-turning narrative is haunted by the search for faith and the truths of the human condition.",326,0,15,20
2020-10-09,BESHC901459,9780330456104,When We Were Bad,Charlotte Mendelson,SCHS,English,Like New,Novel,"The Rubin family, everybody agrees, seems doomed to happiness'

Claudia Rubin is in her heyday. Wife, mother, rabbi and sometime moral voice of the nation, everyone wants to be with her at her older son's glorious February wedding. Until Leo becomes a bolter and the heyday of the Rubin family begins to unravel . . .

`As intelligent as it is funny. A beautifully observed literary comedy as well as a painfully accurate description of one big old family mess' Observer

`Fast-paced and engaging. Brilliant, touching and true' Naomi Alderman, Financial Times

`Absolutely spellbinding, so funny, so moving, so totally believable' Jacqueline Wilson

`Intelligent and witty. The Rubin family may be a singular one but the delights and the difficulties its members have with sex and spirituality, food and domesticity, expectation and achievement, will have a universal appeal' Sunday Telegraph

`Funny and emotionally true, this is a comedy with the warmest of hearts and the most deliciously subversive of agendas' Book of the Month, Marie Claire

When We Were Bad is a warm, poignant and true portrayal of a London family in crisis, in love, in denial and - ultimately - in luck..",336,0,15,20
2020-07-27,BESHC900800,9780340902912,Christmas Monster,Mandy Archer,SCHS,English,Like New,"Children books Age 3-5, Picture book","Meet Bertram, the (not so) scary Christmas monster, in this colourful picture book. All year long he dreams of snowy days and fantastic festive feasts!",20,0,5,10
